{"commands":["// accounts by account","read journal.csv","dup","project Date, Label, Avoir, Montant","rename Avoir Compte","rename Montant Avoir","swap","project Date, Label, Devoir, Montant","rename Devoir Compte","rename Montant Devoir","join outer","order Compte, Date","write accounts.csv","print","//","// sum by account","read accounts.csv","project Compte, Avoir sum, Devoir sum","dup","select Compte reg /^[13]/","extend Avoir Avoir_sum - Devoir_sum","extend Devoir \"\"","swap","select Compte reg /^[24]/","extend Devoir Devoir_sum - Avoir_sum","extend Avoir \"\"","union","read plan.csv","join natural","project Compte, Label, Avoir, Devoir","order Compte 1","write pp-bilan.csv","print","//","// profits","read pp-bilan.csv","select Compte >= 3000","project Avoir sum, Devoir sum","extend Profit Devoir_sum - Avoir_sum","project Profit","print"],"files":{"journal.csv":"Date,Label,Avoir,Devoir,Montant\r01.01.16,OUVERTURE CAISSE,1100,9000,225.00\r01.01.16,OUVERTURE CCP,1200,9000,6200.50\r01.01.16,OUVERTURE Capital,9000,2800,6425.50\r06.01.16,Vente livres,1100,4000,249.00\r07.01.16,Achat livres,3100,1200,480.00\r15.01.16,Vente livres,1100,4000,78.00\r20.01.16,Vente livres,1100,4000,145.00\r25.01.16,Salaire,3800,1200,750.00\r25.01.16,Achat livres,3100,1200,120.00\r26.01.16,Vente livres,1100,4000,22.00\r02.02.16,Vente livres,1100,4000,80.00\r04.01.16,Vente livres,1100,4000,245.00\r11.02.16,Vente livres,1100,4000,320.00\r16.02.16,Vente livres,1100,4000,110.00\r25.02.16,Salaire,3800,1200,750.00\r27.02.16,Vente livres,1100,4000,1250.00\r28.02.16,Vente livres,1100,4000,189.00","plan.csv":"Compte,Label\r1100,Caisse\r1200,CCP\r2800,Capital\r3100,Achats\r3800,Salaires\r4000,Vente\r9000,Ouverture\r9001,Fermeture","accounts.csv":"Date,Label,Compte,Avoir,Devoir\n\"01.01.16\",\"OUVERTURE CAISSE\",1100,225.00,\"\"\n\"02.02.16\",\"Vente livres\",1100,80.00,\"\"\n\"04.01.16\",\"Vente livres\",1100,245.00,\"\"\n\"06.01.16\",\"Vente livres\",1100,249.00,\"\"\n\"11.02.16\",\"Vente livres\",1100,320.00,\"\"\n\"15.01.16\",\"Vente livres\",1100,78.00,\"\"\n\"16.02.16\",\"Vente livres\",1100,110.00,\"\"\n\"20.01.16\",\"Vente livres\",1100,145.00,\"\"\n\"26.01.16\",\"Vente livres\",1100,22.00,\"\"\n\"27.02.16\",\"Vente livres\",1100,1250.00,\"\"\n\"28.02.16\",\"Vente livres\",1100,189.00,\"\"\n\"01.01.16\",\"OUVERTURE CCP\",1200,6200.50,\"\"\n\"07.01.16\",\"Achat livres\",1200,\"\",480.00\n\"25.01.16\",\"Salaire\",1200,\"\",750.00\n\"25.01.16\",\"Achat livres\",1200,\"\",120.00\n\"25.02.16\",\"Salaire\",1200,\"\",750.00\n\"01.01.16\",\"OUVERTURE Capital\",2800,\"\",6425.50\n\"07.01.16\",\"Achat livres\",3100,480.00,\"\"\n\"25.01.16\",\"Achat livres\",3100,120.00,\"\"\n\"25.01.16\",\"Salaire\",3800,750.00,\"\"\n\"25.02.16\",\"Salaire\",3800,750.00,\"\"\n\"02.02.16\",\"Vente livres\",4000,\"\",80.00\n\"04.01.16\",\"Vente livres\",4000,\"\",245.00\n\"06.01.16\",\"Vente livres\",4000,\"\",249.00\n\"11.02.16\",\"Vente livres\",4000,\"\",320.00\n\"15.01.16\",\"Vente livres\",4000,\"\",78.00\n\"16.02.16\",\"Vente livres\",4000,\"\",110.00\n\"20.01.16\",\"Vente livres\",4000,\"\",145.00\n\"26.01.16\",\"Vente livres\",4000,\"\",22.00\n\"27.02.16\",\"Vente livres\",4000,\"\",1250.00\n\"28.02.16\",\"Vente livres\",4000,\"\",189.00\n\"01.01.16\",\"OUVERTURE CAISSE\",9000,\"\",225.00\n\"01.01.16\",\"OUVERTURE CCP\",9000,\"\",6200.50\n\"01.01.16\",\"OUVERTURE Capital\",9000,6425.50,\"\"","accounts_sum.csv":"Compte,Label,Avoir,Devoir\n2800,\"Capital\",\"\",6425.5\n4000,\"Vente\",\"\",2688\n1100,\"Caisse\",2913,\"\"\n1200,\"CCP\",4100.5,\"\"\n3100,\"Achats\",600,\"\"\n3800,\"Salaires\",1500,\"\"","pp-bilan.csv":"Compte,Label,Avoir,Devoir\n1100,\"Caisse\",2913,\"\"\n1200,\"CCP\",4100.5,\"\"\n2800,\"Capital\",\"\",6425.5\n3100,\"Achats\",600,\"\"\n3800,\"Salaires\",1500,\"\"\n4000,\"Vente\",\"\",2688"}}