{"commands":["// Select the name of all the pieces","read pieces.csv","project pname","print","//","// Obtain the average price of each piece (show only the piece code and the average price).","read provides.csv","project pid, price avg","print","//","// Obtain the names of all providers who supply piece 1.","read provides.csv","select pid = 1","read providers.csv","join natural","project ename","print","//","// Select the name of pieces provided by provider with code \"HAL\".","read provides.csv","select eid = \"HAL\"","read pieces.csv","join natural","project pname","print"],"files":{"pieces.csv":"pid,pname\r1,Sprocket\r2,Screw\r3,Nut\r4,Bolt","providers.csv":"eid,ename\rHAL,Clarke Entreprises\rRBT,Susan Calvin Corp.\rTNBC,Skellington Supplies","provides.csv":"pid,eid,price\r1,HAL,10\r1,RBT,15\r2,HAL,20\r2,RBT,15\r2,TNBC,14\r3,RBT,50\r3,TNBC,45\r4,HAL,5\r4,RBT,7"}}